UserID,Дата,Продукт,Цена,Количество
0,молоко,2024-03-26,484,45
1,хлеб,2024-02-10,619,88
2,масло,2024-06-24,379,99
3,крупа,2024-06-19,883,22
4,сыр,2024-03-20,219,98
5,кефир,2024-05-17,411,55
6,сметана,2024-05-24,653,73
7,ряженка,2024-04-22,508,42
8,бананы,2024-04-02,705,84
9,томаты,2024-01-30,400,46
10,яблоки,2024-02-15,305,27
11,вода,2024-04-12,394,76
12,молоко,2024-03-16,516,3
13,хлеб,2024-03-30,969,16
14,масло,2024-03-31,197,18
15,крупа,2024-06-20,267,60
16,сыр,2024-02-07,479,57
17,кефир,2024-02-12,549,87
18,сметана,2024-01-04,709,33
19,ряженка,2024-01-02,364,38
20,бананы,2024-01-21,145,63
21,томаты,2024-03-07,540,64
22,яблоки,2024-06-25,320,90
23,вода,2024-05-10,426,51
24,молоко,2024-06-30,265,55
25,хлеб,2024-04-08,564,17
26,масло,2024-06-02,478,53
27,крупа,2024-05-18,848,31
28,сыр,2024-05-09,797,37
29,кефир,2024-03-05,439,92
30,сметана,2024-04-10,440,54
31,ряженка,2024-04-24,128,32
32,бананы,2024-03-20,122,38
33,томаты,2024-02-08,365,11
34,яблоки,2024-02-07,534,84
35,вода,2024-02-01,651,87
36,молоко,2024-06-29,401,8
37,хлеб,2024-03-03,662,8
38,масло,2024-03-15,806,11
39,крупа,2024-05-02,806,73
40,сыр,2024-01-05,271,79
41,кефир,2024-03-20,894,32
42,сметана,2024-05-29,646,65
43,ряженка,2024-06-28,409,94
44,бананы,2024-06-18,707,60
45,томаты,2024-01-08,871,22
46,яблоки,2024-01-01,766,66
47,вода,2024-04-13,209,48
48,молоко,2024-01-30,858,68
49,хлеб,2024-02-12,323,94
50,масло,2024-03-09,209,32
51,крупа,2024-04-15,717,95
52,сыр,2024-06-02,798,77
53,кефир,2024-01-12,322,20
54,сметана,2024-01-10,218,91
55,ряженка,2024-01-09,934,41
56,бананы,2024-06-16,253,90
57,томаты,2024-06-17,814,68
58,яблоки,2024-06-16,332,94
59,вода,2024-01-13,980,98
60,молоко,2024-01-11,782,86
61,хлеб,2024-06-13,546,21
62,масло,2024-02-25,358,49
63,крупа,2024-03-14,284,34
64,сыр,2024-04-22,806,89
65,кефир,2024-04-12,157,48
66,сметана,2024-04-29,572,24
67,ряженка,2024-05-11,223,47
68,бананы,2024-06-16,262,46
69,томаты,2024-03-25,197,45
70,яблоки,2024-01-06,308,78
71,вода,2024-06-20,436,12
72,молоко,2024-05-25,691,54
73,хлеб,2024-04-25,744,18
74,масло,2024-03-23,700,36
75,крупа,2024-01-16,772,56
76,сыр,2024-04-07,625,52
77,кефир,2024-05-07,247,94
78,сметана,2024-06-24,738,41
79,ряженка,2024-04-11,479,38
80,бананы,2024-03-11,867,75
81,томаты,2024-06-26,277,32
82,яблоки,2024-03-31,753,85
83,вода,2024-05-26,829,11
84,молоко,2024-05-09,276,36
85,хлеб,2024-06-28,882,76
86,масло,2024-02-13,928,70
87,крупа,2024-04-07,880,48
88,сыр,2024-06-16,510,81
89,кефир,2024-01-17,327,64
90,сметана,2024-05-01,371,26
91,ряженка,2024-05-02,239,16
92,бананы,2024-02-21,572,62
93,томаты,2024-05-21,990,15
94,яблоки,2024-06-06,309,95
95,вода,2024-06-27,271,87
96,молоко,2024-06-25,412,19
97,хлеб,2024-06-10,522,81
98,масло,2024-06-28,988,21
99,крупа,2024-06-22,214,71
100,сыр,2024-01-08,882,56
101,кефир,2024-01-11,589,15
102,сметана,2024-06-05,307,80
103,ряженка,2024-01-17,806,26
104,бананы,2024-06-12,702,72
105,томаты,2024-05-31,532,30
106,яблоки,2024-05-25,194,55
107,вода,2024-04-02,845,7
108,молоко,2024-02-25,980,34
109,хлеб,2024-05-22,692,93
110,масло,2024-03-14,497,82
111,крупа,2024-06-01,105,21
112,сыр,2024-03-28,264,44
113,кефир,2024-05-03,594,76
114,сметана,2024-01-28,113,76
115,ряженка,2024-02-22,583,7
116,бананы,2024-04-05,175,71
117,томаты,2024-06-30,967,8
118,яблоки,2024-06-18,496,43
119,вода,2024-05-16,160,62
120,молоко,2024-03-14,507,16
121,хлеб,2024-03-29,793,31
122,масло,2024-04-26,290,2
123,крупа,2024-04-13,324,48
124,сыр,2024-01-04,349,13
125,кефир,2024-03-01,191,14
126,сметана,2024-04-28,461,41
127,ряженка,2024-05-10,162,13
128,бананы,2024-05-25,696,30
129,томаты,2024-05-03,619,93
130,яблоки,2024-05-10,527,88
131,вода,2024-03-22,163,46
132,молоко,2024-06-01,598,55
133,хлеб,2024-03-04,658,40
134,масло,2024-04-12,252,14
135,крупа,2024-02-24,850,25
136,сыр,2024-03-06,263,74
137,кефир,2024-03-13,829,94
138,сметана,2024-01-18,695,60
139,ряженка,2024-03-18,942,85
140,бананы,2024-05-19,762,57
141,томаты,2024-04-25,361,92
142,яблоки,2024-02-16,726,23
143,вода,2024-04-13,288,46
144,молоко,2024-02-28,363,86
145,хлеб,2024-06-06,362,69
146,масло,2024-03-16,396,7
147,крупа,2024-03-02,572,72
148,сыр,2024-05-10,390,34
149,кефир,2024-04-19,132,15
150,сметана,2024-05-03,991,89
151,ряженка,2024-02-21,350,55
152,бананы,2024-04-16,196,4
153,томаты,2024-04-04,823,58
154,яблоки,2024-02-01,967,60
155,вода,2024-02-29,743,27
156,молоко,2024-05-19,262,56
157,хлеб,2024-06-14,901,59
158,масло,2024-06-09,222,9
159,крупа,2024-01-14,709,60
160,сыр,2024-06-28,883,2
161,кефир,2024-06-14,190,88
162,сметана,2024-05-11,609,34
163,ряженка,2024-04-19,286,77
164,бананы,2024-06-14,533,96
165,томаты,2024-04-28,844,31
166,яблоки,2024-04-17,928,96
167,вода,2024-04-04,849,89
168,молоко,2024-01-18,571,57
169,хлеб,2024-02-15,257,10
170,масло,2024-02-04,285,11
171,крупа,2024-03-19,340,87
172,сыр,2024-03-27,782,5
173,кефир,2024-06-22,386,65
174,сметана,2024-01-19,815,48
175,ряженка,2024-01-30,772,15
176,бананы,2024-02-27,489,77
177,томаты,2024-05-04,933,98
178,яблоки,2024-05-20,893,58
179,вода,2024-06-12,952,31
180,молоко,2024-06-07,389,72
181,хлеб,2024-06-28,325,98
182,масло,2024-04-14,572,47
183,крупа,2024-05-25,575,47
184,сыр,2024-05-14,744,80
185,кефир,2024-04-10,539,47
186,сметана,2024-03-11,818,59
187,ряженка,2024-06-27,133,45
188,бананы,2024-06-21,432,26
189,томаты,2024-05-20,672,28
190,яблоки,2024-02-25,922,57
191,вода,2024-05-26,392,55
192,молоко,2024-05-03,643,58
193,хлеб,2024-05-02,204,57
194,масло,2024-03-29,777,27
195,крупа,2024-02-11,908,90
196,сыр,2024-04-08,229,27
197,кефир,2024-06-03,563,29
198,сметана,2024-03-26,206,75
199,ряженка,2024-01-25,214,65
200,бананы,2024-02-11,709,15
201,томаты,2024-06-17,941,98
202,яблоки,2024-02-29,286,43
203,вода,2024-06-26,144,39
204,молоко,2024-04-03,474,76
205,хлеб,2024-01-30,786,83
206,масло,2024-05-25,246,52
207,крупа,2024-01-06,385,5
208,сыр,2024-01-19,633,24
209,кефир,2024-04-29,526,32
210,сметана,2024-03-02,596,89
211,ряженка,2024-05-27,461,95
212,бананы,2024-01-30,866,4
213,томаты,2024-01-09,288,80
214,яблоки,2024-02-06,322,60
215,вода,2024-02-06,348,97
216,молоко,2024-04-16,354,27
217,хлеб,2024-01-03,295,91
218,масло,2024-06-15,495,9
219,крупа,2024-03-26,158,41
220,сыр,2024-04-16,438,68
221,кефир,2024-05-09,258,20
222,сметана,2024-04-21,370,50
223,ряженка,2024-01-02,257,31
224,бананы,2024-02-09,584,82
225,томаты,2024-02-28,143,77
226,яблоки,2024-06-30,288,45
227,вода,2024-06-17,698,39
228,молоко,2024-04-29,117,5
229,хлеб,2024-02-22,812,14
230,масло,2024-03-13,157,17
231,крупа,2024-02-14,308,48
232,сыр,2024-01-05,881,88
233,кефир,2024-01-14,655,46
234,сметана,2024-06-05,767,74
235,ряженка,2024-05-10,861,85
236,бананы,2024-06-09,962,41
237,томаты,2024-01-15,220,32
238,яблоки,2024-03-20,202,94
239,вода,2024-03-17,279,52
240,молоко,2024-02-22,884,75
241,хлеб,2024-01-07,808,99
242,масло,2024-04-15,590,18
243,крупа,2024-04-18,993,28
244,сыр,2024-03-18,374,94
245,кефир,2024-05-09,977,71
246,сметана,2024-03-06,571,28
247,ряженка,2024-05-08,125,69
248,бананы,2024-02-20,123,80
249,томаты,2024-03-10,599,86
250,яблоки,2024-01-20,218,57
251,вода,2024-05-30,231,40
252,молоко,2024-06-07,912,22
253,хлеб,2024-05-10,730,66
254,масло,2024-04-18,162,24
255,крупа,2024-06-29,533,92
256,сыр,2024-02-06,757,22
257,кефир,2024-04-20,993,18
258,сметана,2024-03-20,116,91
259,ряженка,2024-05-03,147,89
260,бананы,2024-06-26,186,92
261,томаты,2024-01-29,287,24
262,яблоки,2024-06-11,767,63
263,вода,2024-02-28,215,13
264,молоко,2024-05-15,547,68
265,хлеб,2024-02-10,657,10
266,масло,2024-05-27,307,20
267,крупа,2024-03-14,113,31
268,сыр,2024-02-17,868,97
269,кефир,2024-05-22,324,22
270,сметана,2024-02-02,358,95
271,ряженка,2024-03-03,677,9
272,бананы,2024-06-22,632,19
273,томаты,2024-03-18,566,81
274,яблоки,2024-05-15,140,41
275,вода,2024-06-25,970,53
276,молоко,2024-02-20,948,46
277,хлеб,2024-02-14,162,86
278,масло,2024-04-13,751,66
279,крупа,2024-04-11,394,36
280,сыр,2024-04-05,972,82
281,кефир,2024-01-10,901,48
282,сметана,2024-06-13,860,98
283,ряженка,2024-03-27,944,99
284,бананы,2024-02-17,380,68
285,томаты,2024-03-11,936,91
286,яблоки,2024-02-07,183,27
287,вода,2024-06-08,411,60
288,молоко,2024-03-09,621,74
289,хлеб,2024-01-11,229,11
290,масло,2024-04-07,578,7
291,крупа,2024-04-08,644,69
292,сыр,2024-03-14,882,60
293,кефир,2024-05-02,425,4
294,сметана,2024-03-05,988,35
295,ряженка,2024-02-15,833,63
296,бананы,2024-01-10,870,82
297,томаты,2024-03-10,631,5
298,яблоки,2024-04-23,359,50
299,вода,2024-06-20,103,34
300,молоко,2024-02-09,461,18
301,хлеб,2024-01-21,464,76
302,масло,2024-03-21,969,15
303,крупа,2024-06-09,166,4
304,сыр,2024-06-19,666,37
305,кефир,2024-03-23,814,98
306,сметана,2024-06-11,309,93
307,ряженка,2024-04-04,856,38
308,бананы,2024-03-24,624,90
309,томаты,2024-03-20,417,60
310,яблоки,2024-02-21,274,94
311,вода,2024-06-16,777,66
312,молоко,2024-02-01,816,92
313,хлеб,2024-02-11,676,68
314,масло,2024-04-18,642,46
315,крупа,2024-05-31,399,41
316,сыр,2024-03-05,337,18
317,кефир,2024-06-25,115,85
318,сметана,2024-01-21,532,94
319,ряженка,2024-01-06,127,64
320,бананы,2024-05-17,943,56
321,томаты,2024-01-26,680,5
322,яблоки,2024-01-13,938,4
323,вода,2024-03-13,964,32
324,молоко,2024-04-03,683,93
325,хлеб,2024-02-02,445,77
326,масло,2024-03-22,249,56
327,крупа,2024-03-04,807,79
328,сыр,2024-04-24,914,99
329,кефир,2024-03-16,779,19
330,сметана,2024-05-31,137,44
331,ряженка,2024-06-15,438,9
332,бананы,2024-05-06,922,41
333,томаты,2024-01-19,470,56
334,яблоки,2024-04-16,931,85
335,вода,2024-02-27,429,29
336,молоко,2024-02-29,392,52
337,хлеб,2024-03-01,989,41
338,масло,2024-03-25,532,26
339,крупа,2024-02-16,889,16
340,сыр,2024-05-28,775,50
341,кефир,2024-06-20,685,34
342,сметана,2024-03-04,298,6
343,ряженка,2024-04-23,731,75
344,бананы,2024-04-26,794,72
345,томаты,2024-01-04,436,91
346,яблоки,2024-06-09,469,8
347,вода,2024-05-05,171,87
348,молоко,2024-03-11,724,53
349,хлеб,2024-01-16,472,70
350,масло,2024-03-16,279,85
351,крупа,2024-04-23,587,20
352,сыр,2024-05-21,395,48
353,кефир,2024-05-23,772,26
354,сметана,2024-02-20,881,83
355,ряженка,2024-05-08,916,83
356,бананы,2024-05-23,758,34
357,томаты,2024-02-04,255,66
358,яблоки,2024-02-02,480,89
359,вода,2024-04-01,270,72
360,молоко,2024-04-17,874,97
361,хлеб,2024-02-13,985,79
362,масло,2024-02-20,968,88
363,крупа,2024-04-07,345,35
364,сыр,2024-02-03,305,8
365,кефир,2024-02-27,161,4
366,сметана,2024-01-16,304,65
367,ряженка,2024-01-17,144,61
368,бананы,2024-02-16,128,20
369,томаты,2024-03-12,673,58
370,яблоки,2024-04-07,593,70
371,вода,2024-05-19,432,66
372,молоко,2024-02-06,931,31
373,хлеб,2024-02-02,767,72
374,масло,2024-05-14,503,43
375,крупа,2024-03-28,134,74
376,сыр,2024-04-04,727,55
377,кефир,2024-04-07,942,84
378,сметана,2024-03-13,147,76
379,ряженка,2024-01-08,615,45
380,бананы,2024-01-03,890,26
381,томаты,2024-01-11,199,64
382,яблоки,2024-01-01,299,99
383,вода,2024-05-24,564,81
384,молоко,2024-02-01,614,85
385,хлеб,2024-02-04,510,34
386,масло,2024-02-07,797,66
387,крупа,2024-01-16,407,22
388,сыр,2024-06-03,674,64
389,кефир,2024-04-23,985,40
390,сметана,2024-04-08,896,61
391,ряженка,2024-02-17,669,89
392,бананы,2024-06-02,206,68
393,томаты,2024-06-26,589,34
394,яблоки,2024-01-09,922,53
395,вода,2024-02-06,556,35
396,молоко,2024-04-12,416,16
397,хлеб,2024-06-19,335,94
398,масло,2024-05-29,696,87
399,крупа,2024-05-13,407,10
400,сыр,2024-04-07,147,81
401,кефир,2024-01-31,797,18
402,сметана,2024-02-27,871,40
403,ряженка,2024-06-24,423,31
404,бананы,2024-02-05,498,9
405,томаты,2024-05-27,562,67
406,яблоки,2024-03-20,898,66
407,вода,2024-06-14,969,72
408,молоко,2024-04-21,479,81
409,хлеб,2024-01-26,988,46
410,масло,2024-02-06,876,43
411,крупа,2024-05-02,547,7
412,сыр,2024-01-20,627,6
413,кефир,2024-02-25,404,47
414,сметана,2024-01-02,174,73
415,ряженка,2024-01-25,105,53
416,бананы,2024-06-27,572,49
417,томаты,2024-05-17,308,30
418,яблоки,2024-03-16,399,10
419,вода,2024-01-14,872,21
420,молоко,2024-04-21,132,58
421,хлеб,2024-01-09,645,83
422,масло,2024-02-03,318,43
423,крупа,2024-01-23,425,69
424,сыр,2024-01-04,570,87
425,кефир,2024-01-03,329,22
426,сметана,2024-03-11,984,20
427,ряженка,2024-02-13,881,35
428,бананы,2024-06-05,428,69
429,томаты,2024-03-23,681,80
430,яблоки,2024-05-12,605,93
431,вода,2024-01-31,107,74
432,молоко,2024-02-20,844,38
433,хлеб,2024-05-31,508,99
434,масло,2024-06-27,777,77
435,крупа,2024-06-12,820,66
436,сыр,2024-06-27,416,58
437,кефир,2024-05-09,729,74
438,сметана,2024-05-24,289,95
439,ряженка,2024-02-16,375,21
440,бананы,2024-01-22,128,64
441,томаты,2024-03-25,199,88
442,яблоки,2024-06-17,888,30
443,вода,2024-06-30,513,55
444,молоко,2024-06-10,683,65
445,хлеб,2024-01-11,484,14
446,масло,2024-04-11,578,57
447,крупа,2024-02-07,460,83
448,сыр,2024-02-21,848,42
449,кефир,2024-04-15,185,99
450,сметана,2024-01-11,270,74
451,ряженка,2024-06-19,749,19
452,бананы,2024-01-16,341,92
453,томаты,2024-05-29,490,70
454,яблоки,2024-04-18,300,76
455,вода,2024-02-04,993,32
456,молоко,2024-02-25,356,87
457,хлеб,2024-06-29,372,89
458,масло,2024-06-06,138,45
459,крупа,2024-05-24,479,95
460,сыр,2024-06-13,436,4
461,кефир,2024-04-20,217,33
462,сметана,2024-05-27,297,4
463,ряженка,2024-05-06,373,99
464,бананы,2024-04-23,129,90
465,томаты,2024-06-27,353,46
466,яблоки,2024-03-28,588,9
467,вода,2024-03-03,268,12
468,молоко,2024-01-19,545,3
469,хлеб,2024-02-19,354,10
470,масло,2024-06-30,618,17
471,крупа,2024-06-11,684,82
472,сыр,2024-05-06,727,20
473,кефир,2024-05-15,456,45
474,сметана,2024-02-27,204,86
475,ряженка,2024-02-10,350,75
476,бананы,2024-04-25,233,16
477,томаты,2024-05-28,594,14
478,яблоки,2024-01-23,366,20
479,вода,2024-04-01,120,84
480,молоко,2024-04-27,525,33
481,хлеб,2024-03-02,101,22
482,масло,2024-05-05,455,7
483,крупа,2024-02-18,744,75
484,сыр,2024-06-11,612,32
485,кефир,2024-02-22,227,83
486,сметана,2024-04-24,827,74
487,ряженка,2024-06-23,965,73
488,бананы,2024-04-25,392,7
489,томаты,2024-06-27,290,63
490,яблоки,2024-06-30,369,25
491,вода,2024-01-07,995,52
492,молоко,2024-03-21,698,54
493,хлеб,2024-03-27,997,49
494,масло,2024-04-18,855,39
495,крупа,2024-02-07,397,68
496,сыр,2024-06-12,622,77
497,кефир,2024-04-21,266,92
498,сметана,2024-06-14,479,4
499,ряженка,2024-02-06,588,42
UserID,Дата,Продукт,Цена,Количество
500,бананы,2024-06-15,918,32
501,томаты,2024-01-27,178,81
502,яблоки,2024-05-17,653,83
503,вода,2024-05-29,155,24
504,молоко,2024-04-26,911,25
505,хлеб,2024-05-07,685,60
506,масло,2024-05-06,456,68
507,крупа,2024-01-10,948,39
508,сыр,2024-03-09,457,85
509,кефир,2024-03-07,627,83
510,сметана,2024-02-19,417,59
511,ряженка,2024-02-16,435,58
512,бананы,2024-05-04,154,60
513,томаты,2024-01-06,772,24
514,яблоки,2024-02-03,198,21
515,вода,2024-06-13,555,2
516,молоко,2024-04-17,562,13
517,хлеб,2024-04-17,387,36
518,масло,2024-01-19,613,82
519,крупа,2024-04-24,271,25
520,сыр,2024-04-30,541,2
521,кефир,2024-03-25,238,74
522,сметана,2024-03-21,667,5
523,ряженка,2024-03-29,530,99
524,бананы,2024-03-06,394,50
525,томаты,2024-05-11,799,41
526,яблоки,2024-05-24,666,20
527,вода,2024-05-17,212,64
528,молоко,2024-06-22,721,65
529,хлеб,2024-02-20,943,63
530,масло,2024-04-24,783,43
531,крупа,2024-01-07,645,10
532,сыр,2024-04-21,100,74
533,кефир,2024-01-06,588,62
534,сметана,2024-01-18,400,65
535,ряженка,2024-03-26,152,62
536,бананы,2024-05-04,135,83
537,томаты,2024-01-28,325,95
538,яблоки,2024-04-16,484,27
539,вода,2024-01-20,499,95
540,молоко,2024-04-14,970,55
541,хлеб,2024-01-05,116,15
542,масло,2024-02-27,482,32
543,крупа,2024-05-09,127,68
544,сыр,2024-01-25,682,95
545,кефир,2024-02-16,910,38
546,сметана,2024-04-10,239,48
547,ряженка,2024-01-12,749,48
548,бананы,2024-05-07,631,39
549,томаты,2024-05-20,156,62
550,яблоки,2024-01-29,771,77
551,вода,2024-03-27,789,93
552,молоко,2024-05-21,187,62
553,хлеб,2024-02-18,305,75
554,масло,2024-03-25,369,25
555,крупа,2024-02-02,914,35
556,сыр,2024-05-22,570,85
557,кефир,2024-01-13,722,50
558,сметана,2024-01-21,294,12
559,ряженка,2024-02-10,992,74
560,бананы,2024-02-17,267,83
561,томаты,2024-04-28,512,9
562,яблоки,2024-06-19,411,45
563,вода,2024-03-25,661,63
564,молоко,2024-03-24,560,51
565,хлеб,2024-02-13,880,98
566,масло,2024-04-29,978,74
567,крупа,2024-03-07,252,38
568,сыр,2024-04-19,722,85
569,кефир,2024-05-04,527,94
570,сметана,2024-01-25,834,67
571,ряженка,2024-01-24,472,85
572,бананы,2024-02-18,637,90
573,томаты,2024-04-02,907,29
574,яблоки,2024-03-03,164,16
575,вода,2024-06-28,876,64
576,молоко,2024-05-12,202,28
577,хлеб,2024-05-30,719,91
578,масло,2024-04-25,827,89
579,крупа,2024-06-26,662,27
580,сыр,2024-04-23,709,42
581,кефир,2024-05-02,855,62
582,сметана,2024-01-09,198,80
583,ряженка,2024-01-22,160,3
584,бананы,2024-01-06,581,13
585,томаты,2024-04-29,233,2
586,яблоки,2024-06-02,936,76
587,вода,2024-02-24,315,46
588,молоко,2024-04-11,866,95
589,хлеб,2024-04-20,709,67
590,масло,2024-05-19,257,47
591,крупа,2024-04-19,364,85
592,сыр,2024-04-10,152,61
593,кефир,2024-03-09,682,17
594,сметана,2024-03-20,998,59
595,ряженка,2024-03-16,648,77
596,бананы,2024-06-04,876,31
597,томаты,2024-02-03,980,66
598,яблоки,2024-05-04,263,14
599,вода,2024-03-17,294,16
600,молоко,2024-02-09,646,10
601,хлеб,2024-05-18,349,65
602,масло,2024-06-15,840,78
603,крупа,2024-06-17,903,16
604,сыр,2024-01-12,297,85
605,кефир,2024-01-18,771,23
606,сметана,2024-04-10,624,37
607,ряженка,2024-05-19,721,97
608,бананы,2024-01-16,970,52
609,томаты,2024-05-01,295,46
610,яблоки,2024-01-03,248,15
611,вода,2024-03-05,520,45
612,молоко,2024-02-23,662,9
613,хлеб,2024-04-16,349,92
614,масло,2024-02-27,486,67
615,крупа,2024-06-22,244,73
616,сыр,2024-03-19,314,66
617,кефир,2024-02-05,112,19
618,сметана,2024-06-02,944,11
619,ряженка,2024-02-23,466,5
620,бананы,2024-05-11,257,34
621,томаты,2024-05-29,946,65
622,яблоки,2024-01-14,330,82
623,вода,2024-03-20,630,11
624,молоко,2024-05-03,526,96
625,хлеб,2024-06-21,980,40
626,масло,2024-04-24,518,97
627,крупа,2024-04-11,542,25
628,сыр,2024-04-01,347,22
629,кефир,2024-01-27,120,66
630,сметана,2024-05-08,279,18
631,ряженка,2024-01-06,845,53
632,бананы,2024-01-12,332,69
633,томаты,2024-06-23,243,53
634,яблоки,2024-01-24,711,53
635,вода,2024-01-23,855,52
636,молоко,2024-01-10,861,48
637,хлеб,2024-06-13,861,65
638,масло,2024-05-31,850,9
639,крупа,2024-04-10,904,31
640,сыр,2024-04-30,117,90
641,кефир,2024-04-14,946,53
642,сметана,2024-05-19,515,87
643,ряженка,2024-01-31,339,78
644,бананы,2024-04-05,248,80
645,томаты,2024-01-09,936,87
646,яблоки,2024-03-16,657,62
647,вода,2024-03-11,273,70
648,молоко,2024-06-05,667,4
649,хлеб,2024-03-25,431,72
650,масло,2024-01-02,699,4
651,крупа,2024-03-03,541,27
652,сыр,2024-03-24,556,40
653,кефир,2024-04-24,770,61
654,сметана,2024-02-23,962,86
655,ряженка,2024-01-31,671,45
656,бананы,2024-05-08,396,51
657,томаты,2024-04-12,673,89
658,яблоки,2024-01-12,994,30
659,вода,2024-02-14,347,93
660,молоко,2024-03-18,803,57
661,хлеб,2024-04-23,780,93
662,масло,2024-04-05,965,81
663,крупа,2024-01-02,651,58
664,сыр,2024-06-25,578,11
665,кефир,2024-02-21,630,36
666,сметана,2024-04-08,609,88
667,ряженка,2024-05-02,704,84
668,бананы,2024-01-15,354,45
669,томаты,2024-06-24,318,92
670,яблоки,2024-03-30,824,82
671,вода,2024-01-15,467,95
672,молоко,2024-06-02,391,9
673,хлеб,2024-03-01,866,57
674,масло,2024-06-11,876,10
675,крупа,2024-05-30,920,50
676,сыр,2024-01-13,195,40
677,кефир,2024-05-27,823,76
678,сметана,2024-02-22,440,20
679,ряженка,2024-06-10,709,5
680,бананы,2024-06-14,517,5
681,томаты,2024-04-09,216,38
682,яблоки,2024-01-21,650,57
683,вода,2024-03-27,251,8
684,молоко,2024-01-13,702,76
685,хлеб,2024-02-20,529,27
686,масло,2024-04-30,435,98
687,крупа,2024-06-07,150,96
688,сыр,2024-02-29,796,67
689,кефир,2024-01-04,130,81
690,сметана,2024-04-02,168,41
691,ряженка,2024-01-17,189,76
692,бананы,2024-01-04,175,28
693,томаты,2024-06-07,711,17
694,яблоки,2024-04-15,539,5
695,вода,2024-05-01,938,74
696,молоко,2024-06-11,917,61
697,хлеб,2024-01-17,710,86
698,масло,2024-06-26,509,24
699,крупа,2024-03-21,203,75
700,сыр,2024-04-25,442,94
701,кефир,2024-06-21,546,19
702,сметана,2024-02-02,406,30
703,ряженка,2024-03-06,485,20
704,бананы,2024-03-30,496,34
705,томаты,2024-06-14,420,75
706,яблоки,2024-05-03,856,12
707,вода,2024-03-31,140,16
708,молоко,2024-06-22,418,62
709,хлеб,2024-06-14,689,42
710,масло,2024-05-01,932,56
711,крупа,2024-01-21,290,49
712,сыр,2024-03-23,463,46
713,кефир,2024-03-27,593,88
714,сметана,2024-05-13,264,46
715,ряженка,2024-02-06,817,45
716,бананы,2024-01-12,985,12
717,томаты,2024-06-13,775,16
718,яблоки,2024-02-17,935,83
719,вода,2024-03-22,611,33
720,молоко,2024-04-01,971,78
721,хлеб,2024-06-16,298,87
722,масло,2024-02-12,134,37
723,крупа,2024-04-06,826,28
724,сыр,2024-02-01,239,9
725,кефир,2024-01-05,185,16
726,сметана,2024-03-03,252,37
727,ряженка,2024-02-23,909,76
728,бананы,2024-02-10,567,59
729,томаты,2024-04-13,591,13
730,яблоки,2024-01-07,214,77
731,вода,2024-01-25,149,59
732,молоко,2024-06-02,259,42
733,хлеб,2024-06-12,791,65
734,масло,2024-06-13,784,98
735,крупа,2024-01-11,941,3
736,сыр,2024-05-08,944,92
737,кефир,2024-02-17,329,25
738,сметана,2024-04-19,722,39
739,ряженка,2024-01-30,558,89
740,бананы,2024-06-14,324,34
741,томаты,2024-04-05,620,18
742,яблоки,2024-05-08,961,71
743,вода,2024-01-27,793,74
744,молоко,2024-02-02,138,6
745,хлеб,2024-06-24,192,50
746,масло,2024-01-21,949,44
747,крупа,2024-06-08,294,95
748,сыр,2024-02-23,419,10
749,кефир,2024-02-12,717,97
750,сметана,2024-01-03,889,39
751,ряженка,2024-04-20,920,91
752,бананы,2024-01-15,587,74
753,томаты,2024-05-16,105,5
754,яблоки,2024-06-25,708,8
755,вода,2024-03-17,790,78
756,молоко,2024-01-20,461,14
757,хлеб,2024-02-04,994,87
758,масло,2024-02-06,212,93
759,крупа,2024-03-22,939,95
760,сыр,2024-03-30,658,85
761,кефир,2024-04-21,218,83
762,сметана,2024-06-02,207,80
763,ряженка,2024-05-24,804,33
764,бананы,2024-04-08,754,97
765,томаты,2024-03-31,989,24
766,яблоки,2024-02-07,947,39
767,вода,2024-03-24,309,82
768,молоко,2024-01-22,246,11
769,хлеб,2024-04-30,567,97
770,масло,2024-03-19,581,82
771,крупа,2024-02-23,811,84
772,сыр,2024-06-18,765,6
773,кефир,2024-06-11,226,42
774,сметана,2024-03-30,410,13
775,ряженка,2024-01-06,598,95
776,бананы,2024-06-17,138,77
777,томаты,2024-04-04,300,32
778,яблоки,2024-06-05,343,99
779,вода,2024-02-01,525,80
780,молоко,2024-04-06,349,40
781,хлеб,2024-02-29,962,8
782,масло,2024-02-11,701,40
783,крупа,2024-03-26,387,90
784,сыр,2024-06-27,515,2
785,кефир,2024-05-25,648,42
786,сметана,2024-04-22,945,53
787,ряженка,2024-06-02,199,26
788,бананы,2024-06-03,812,67
789,томаты,2024-03-18,737,19
790,яблоки,2024-03-10,686,81
791,вода,2024-05-23,811,83
792,молоко,2024-03-27,242,62
793,хлеб,2024-04-07,638,56
794,масло,2024-05-18,609,22
795,крупа,2024-06-23,270,56
796,сыр,2024-05-02,477,60
797,кефир,2024-05-28,905,45
798,сметана,2024-06-29,197,87
799,ряженка,2024-01-18,959,12
800,бананы,2024-04-29,570,33
801,томаты,2024-05-15,724,96
802,яблоки,2024-04-05,867,56
803,вода,2024-01-19,971,81
804,молоко,2024-03-04,554,78
805,хлеб,2024-01-10,588,22
806,масло,2024-01-12,368,54
807,крупа,2024-01-02,795,38
808,сыр,2024-01-05,820,12
809,кефир,2024-04-17,106,14
810,сметана,2024-05-17,838,4
811,ряженка,2024-03-11,970,60
812,бананы,2024-04-21,437,17
813,томаты,2024-05-31,521,11
814,яблоки,2024-06-27,646,6
815,вода,2024-03-18,640,95
816,молоко,2024-02-16,932,44
817,хлеб,2024-01-23,777,13
818,масло,2024-03-02,325,38
819,крупа,2024-01-19,526,90
820,сыр,2024-06-08,666,78
821,кефир,2024-03-13,941,16
822,сметана,2024-03-03,321,82
823,ряженка,2024-03-28,606,98
824,бананы,2024-03-04,666,94
825,томаты,2024-06-04,803,79
826,яблоки,2024-04-30,473,87
827,вода,2024-05-16,951,15
828,молоко,2024-01-24,539,68
829,хлеб,2024-04-17,984,29
830,масло,2024-05-07,409,54
831,крупа,2024-02-06,613,89
832,сыр,2024-05-05,765,42
833,кефир,2024-03-06,589,43
834,сметана,2024-05-22,856,59
835,ряженка,2024-03-06,342,93
836,бананы,2024-03-03,735,29
837,томаты,2024-06-29,640,75
838,яблоки,2024-02-10,808,88
839,вода,2024-03-06,513,95
840,молоко,2024-04-04,204,29
841,хлеб,2024-04-29,966,91
842,масло,2024-01-10,873,26
843,крупа,2024-02-25,516,7
844,сыр,2024-02-28,430,78
845,кефир,2024-05-04,291,24
846,сметана,2024-02-25,950,70
847,ряженка,2024-02-06,162,56
848,бананы,2024-05-06,465,67
849,томаты,2024-05-24,309,99
850,яблоки,2024-01-30,293,56
851,вода,2024-06-08,247,30
852,молоко,2024-02-14,502,33
853,хлеб,2024-03-02,814,76
854,масло,2024-06-27,657,81
855,крупа,2024-03-20,230,73
856,сыр,2024-06-06,920,18
857,кефир,2024-02-25,889,95
858,сметана,2024-04-18,823,95
859,ряженка,2024-05-19,389,16
860,бананы,2024-05-08,185,49
861,томаты,2024-04-02,788,33
862,яблоки,2024-06-23,117,97
863,вода,2024-03-27,253,35
864,молоко,2024-06-09,734,60
865,хлеб,2024-03-05,172,80
866,масло,2024-06-04,196,76
867,крупа,2024-05-17,794,16
868,сыр,2024-06-18,871,85
869,кефир,2024-06-25,547,2
870,сметана,2024-01-10,231,63
871,ряженка,2024-04-08,385,11
872,бананы,2024-02-05,579,51
873,томаты,2024-06-18,518,52
874,яблоки,2024-05-12,321,2
875,вода,2024-02-18,983,2
876,молоко,2024-02-15,413,94
877,хлеб,2024-03-09,896,39
878,масло,2024-01-21,970,64
879,крупа,2024-01-30,345,41
880,сыр,2024-06-01,770,89
881,кефир,2024-05-08,791,9
882,сметана,2024-03-18,641,45
883,ряженка,2024-01-12,247,15
884,бананы,2024-05-21,268,29
885,томаты,2024-03-01,849,22
886,яблоки,2024-04-03,395,50
887,вода,2024-03-19,631,38
888,молоко,2024-02-09,535,60
889,хлеб,2024-04-10,328,82
890,масло,2024-04-10,814,86
891,крупа,2024-02-02,988,41
892,сыр,2024-06-11,186,96
893,кефир,2024-03-18,598,70
894,сметана,2024-01-18,291,75
895,ряженка,2024-01-27,297,98
896,бананы,2024-03-25,945,36
897,томаты,2024-02-20,204,43
898,яблоки,2024-05-19,101,65
899,вода,2024-05-10,619,86
900,молоко,2024-02-13,159,56
901,хлеб,2024-01-28,113,25
902,масло,2024-04-16,325,64
903,крупа,2024-05-09,689,21
904,сыр,2024-06-06,661,43
905,кефир,2024-03-17,479,94
906,сметана,2024-01-30,285,64
907,ряженка,2024-06-26,983,53
908,бананы,2024-06-21,838,6
909,томаты,2024-06-05,791,42
910,яблоки,2024-02-23,162,69
911,вода,2024-03-25,492,54
912,молоко,2024-06-10,290,94
913,хлеб,2024-06-26,652,97
914,масло,2024-02-09,709,78
915,крупа,2024-04-15,663,53
916,сыр,2024-01-16,767,60
917,кефир,2024-01-18,907,26
918,сметана,2024-01-06,203,98
919,ряженка,2024-06-05,525,78
920,бананы,2024-05-22,367,47
921,томаты,2024-02-24,347,62
922,яблоки,2024-01-08,465,18
923,вода,2024-01-27,828,7
924,молоко,2024-06-07,894,16
925,хлеб,2024-01-23,373,57
926,масло,2024-01-08,543,65
927,крупа,2024-06-21,643,69
928,сыр,2024-01-19,593,41
929,кефир,2024-02-09,716,21
930,сметана,2024-04-19,878,15
931,ряженка,2024-02-02,432,67
932,бананы,2024-06-17,794,32
933,томаты,2024-02-13,253,13
934,яблоки,2024-06-09,974,4
935,вода,2024-01-19,231,49
936,молоко,2024-02-10,567,49
937,хлеб,2024-04-13,518,20
938,масло,2024-02-25,470,20
939,крупа,2024-02-06,624,6
940,сыр,2024-04-13,756,22
941,кефир,2024-05-16,293,67
942,сметана,2024-02-13,411,96
943,ряженка,2024-04-01,543,4
944,бананы,2024-05-22,272,86
945,томаты,2024-06-21,999,44
946,яблоки,2024-04-03,609,33
947,вода,2024-06-04,273,94
948,молоко,2024-04-20,603,97
949,хлеб,2024-04-09,724,51
950,масло,2024-02-09,799,86
951,крупа,2024-01-26,108,91
952,сыр,2024-02-19,584,62
953,кефир,2024-04-29,992,54
954,сметана,2024-03-12,534,64
955,ряженка,2024-01-19,998,34
956,бананы,2024-04-29,419,74
957,томаты,2024-04-01,936,44
958,яблоки,2024-03-26,908,80
959,вода,2024-02-08,905,5
960,молоко,2024-02-14,370,52
961,хлеб,2024-02-06,445,13
962,масло,2024-05-27,178,71
963,крупа,2024-01-01,144,68
964,сыр,2024-03-25,511,42
965,кефир,2024-04-05,397,60
966,сметана,2024-06-22,658,71
967,ряженка,2024-06-26,773,80
968,бананы,2024-02-19,255,29
969,томаты,2024-05-06,857,97
970,яблоки,2024-01-28,715,32
971,вода,2024-02-17,129,55
972,молоко,2024-04-24,448,5
973,хлеб,2024-06-27,716,68
974,масло,2024-03-04,972,33
975,крупа,2024-05-18,666,18
976,сыр,2024-05-06,414,3
977,кефир,2024-01-15,326,65
978,сметана,2024-05-01,598,72
979,ряженка,2024-02-25,410,82
980,бананы,2024-05-08,437,81
981,томаты,2024-04-27,143,91
982,яблоки,2024-01-16,655,76
983,вода,2024-04-13,837,30
984,молоко,2024-01-17,387,35
985,хлеб,2024-03-01,689,64
986,масло,2024-02-22,931,19
987,крупа,2024-04-04,154,45
988,сыр,2024-06-04,799,94
989,кефир,2024-05-20,136,73
990,сметана,2024-03-07,885,46
991,ряженка,2024-03-04,511,87
992,бананы,2024-01-08,799,8
993,томаты,2024-06-18,300,2
994,яблоки,2024-04-10,197,59
995,вода,2024-04-08,983,35
996,молоко,2024-03-25,122,90
997,хлеб,2024-06-03,641,19
998,масло,2024-02-14,743,89
999,крупа,2024-06-11,176,12
